{"DTLA": {"2016-q3": [62, 1326127, 21389.145161290322], "2016-q4": [62, 900473, 14523.758064516129], "2017-q1": [62, 718001, 11580.661290322581], "2017-q2": [62, 971828, 15674.645161290322], "2017-q3": [64, 1070883, 16732.546875], "2017-q4": [65, 994306, 15297.015384615384], "2018-q1": [65, 827460, 12730.153846153846], "2018-q2": [68, 1024520, 15066.470588235294], "2018-q3": [73, 1747080, 23932.602739726026], "2018-q4": [77, 1631589, 21189.467532467534], "2019-q1": [86, 1124141, 13071.406976744185], "2019-q2": [97, 1125137, 11599.350515463917], "2019-q3": [111, 1672195, 15064.81981981982], "2019-q4": [130, 1336158, 10278.138461538461], "2020-q1": [138, 1238003, 8971.036231884058], "2020-q2": [141, 379163, 2689.099290780142]}, "Port of LA": {"2016-q3": [0, 0, 0.0], "2016-q4": [0, 0, 0.0], "2017-q1": [0, 0, 0.0], "2017-q2": [0, 0, 0.0], "2017-q3": [12, 106159, 8846.583333333334], "2017-q4": [12, 65369, 5447.416666666667], "2018-q1": [12, 61109, 5092.416666666667], "2018-q2": [12, 83014, 6917.833333333333], "2018-q3": [12, 175646, 14637.166666666666], "2018-q4": [12, 58061, 4838.416666666667], "2019-q1": [12, 55725, 4643.75], "2019-q2": [12, 138168, 11514.0], "2019-q3": [13, 172760, 13289.23076923077], "2019-q4": [13, 21503, 1654.076923076923], "2020-q1": [0, 0, 0.0], "2020-q2": [0, 0, 0.0]}, "Pasadena": {"2016-q3": [0, 0, 0.0], "2016-q4": [0, 0, 0.0], "2017-q1": [0, 0, 0.0], "2017-q2": [0, 0, 0.0], "2017-q3": [31, 355796, 11477.290322580646], "2017-q4": [31, 207897, 6706.354838709677], "2018-q1": [31, 175230, 5652.580645161291], "2018-q2": [31, 240582, 7760.709677419355], "2018-q3": [31, 162381, 5238.096774193548], "2018-q4": [0, 0, 0.0], "2019-q1": [0, 0, 0.0], "2019-q2": [0, 0, 0.0], "2019-q3": [0, 0, 0.0], "2019-q4": [0, 0, 0.0], "2020-q1": [0, 0, 0.0], "2020-q2": [0, 0, 0.0]}, "Westside": {"2016-q3": [0, 0, 0.0], "2016-q4": [0, 0, 0.0], "2017-q1": [0, 0, 0.0], "2017-q2": [0, 0, 0.0], "2017-q3": [14, 243037, 17359.785714285714], "2017-q4": [14, 799067, 57076.21428571428], "2018-q1": [14, 885332, 63238.0], "2018-q2": [14, 885246, 63231.857142857145], "2018-q3": [14, 1563152, 111653.71428571429], "2018-q4": [14, 824222, 58873.0], "2019-q1": [54, 457688, 8475.703703703704], "2019-q2": [61, 334841, 5489.196721311476], "2019-q3": [66, 461378, 6990.575757575758], "2019-q4": [74, 273265, 3692.7702702702704], "2020-q1": [78, 251550, 3225.0], "2020-q2": [78, 93650, 1200.6410256410256]}, "North Hollywood": {"2016-q3": [0, 0, 0.0], "2016-q4": [0, 0, 0.0], "2017-q1": [0, 0, 0.0], "2017-q2": [0, 0, 0.0], "2017-q3": [0, 0, 0.0], "2017-q4": [0, 0, 0.0], "2018-q1": [0, 0, 0.0], "2018-q2": [0, 0, 0.0], "2018-q3": [0, 0, 0.0], "2018-q4": [0, 0, 0.0], "2019-q1": [0, 0, 0.0], "2019-q2": [0, 0, 0.0], "2019-q3": [17, 35875, 2110.294117647059], "2019-q4": [18, 24954, 1386.3333333333333], "2020-q1": [20, 31790, 1589.5], "2020-q2": [23, 14231, 618.7391304347826]}}